-mysql> create table employee(
    -> empId int primary key,
    -> ename varchar(12) not null,
    -> address varchar(12) not null,
    -> mobile varchar(12) not null,
    -> salary int not null,
    -> deptid int,
    -> foreign key(deptid) references Department(did)
    -> );
Query OK, 0 rows affected (0.08 sec)



mysql> insert into Department values(1,"Account",'banglore');
Query OK, 1 row affected (0.03 sec)

mysql> insert into Department values(2,"Sales",'mumbai');
Query OK, 1 row affected (0.01 sec)

mysql> insert into Department values(3,"Marketing",'pune');
Query OK, 1 row affected (0.01 sec)

mysql> insert into Department values(4,"HR",'delhi');
Query OK, 1 row affected (0.01 sec)


mysql> select * from department;
+-----+-----------+----------+
| did | dname     | location |
+-----+-----------+----------+
|   1 | Account   | banglore |
|   2 | Sales     | mumbai   |
|   3 | Marketing | pune     |
|   4 | HR        | delhi    |
+-----+-----------+----------+
4 rows in set (0.00 sec)

mysql> insert into Employee values(1, "kundan",'dighori','111111',10000,1 );
Query OK, 1 row affected (0.01 sec)


mysql> insert into Employee values(2, "kunal",'navegao','22222',20000,1 );
Query OK, 1 row affected (0.01 sec)

mysql> insert into Employee values(3, "k1",'nkk1','333',30000,2 );
Query OK, 1 row affected (0.01 sec)

mysql> insert into Employee values(4, "k2",'aaa','444',40000,2 );
Query OK, 1 row affected (0.01 sec)

mysql> insert into Employee values(5, "k3",'bbb','555',50000,2 );
Query OK, 1 row affected (0.00 sec)

mysql> insert into Employee values(6, "k4",'ccc','66666',60000,3 );
Query OK, 1 row affected (0.01 sec)

mysql> insert into Employee values(7, "k5",'ddd','888',57000,3 );
Query OK, 1 row affected (0.01 sec)

mysql> insert into Employee values(8, "hr1",'hhh1','1111',57000,4 );
Query OK, 1 row affected (0.01 sec)

mysql> insert into Employee values(9, "hr2",'hhh1','222',7000,4 );
Query OK, 1 row affected (0.01 sec)

mysql> select * from employee;
+-------+--------+---------+--------+--------+--------+
| empId | ename  | address | mobile | salary | deptid |
+-------+--------+---------+--------+--------+--------+
|     1 | kundan | dighori | 111111 |  10000 |      1 |
|     2 | kunal  | navegao | 22222  |  20000 |      1 |
|     3 | k1     | nkk1    | 333    |  30000 |      2 |
|     4 | k2     | aaa     | 444    |  40000 |      2 |
|     5 | k3     | bbb     | 555    |  50000 |      2 |
|     6 | k4     | ccc     | 66666  |  60000 |      3 |
|     7 | k5     | ddd     | 888    |  57000 |      3 |
|     8 | hr1    | hhh1    | 1111   |  57000 |      4 |
|     9 | hr2    | hhh1    | 222    |   7000 |      4 |
+-------+--------+---------+--------+--------+--------+
9 rows in set (0.00 sec)


● Write a SQL query to get the total salary of employees, department-wise


mysql>  select deptid, sum(salary) from employee group by deptid;
+--------+-------------+
| deptid | sum(salary) |
+--------+-------------+
|      1 |       30000 |
|      2 |      120000 |
|      3 |      117000 |
|      4 |       64000 |
+--------+-------------+
4 rows in set (0.00 sec)


● Write a SQL query to get all the employee details who enrolled in the Sales
department.



mysql> select s.empid, s.ename, s.address, s.mobile , s.salary from Employee s,department d where s.deptid=d.did and  dname="sales";
+-------+-------+---------+--------+--------+
| empid | ename | address | mobile | salary |
+-------+-------+---------+--------+--------+
|     3 | k1    | nkk1    | 333    |  30000 |
|     4 | k2    | aaa     | 444    |  40000 |
|     5 | k3    | bbb     | 555    |  50000 |
+-------+-------+---------+--------+--------+
3 rows in set (0.00 sec)



● Write a SQL query to get the Department details for an employee based on the
empId


mysql> select d.did, d.dname, d.location from Department d, employee e where d.did=e.deptid;
+-----+-----------+----------+
| did | dname     | location |
+-----+-----------+----------+
|   1 | Account   | banglore |
|   1 | Account   | banglore |
|   2 | Sales     | mumbai   |
|   2 | Sales     | mumbai   |
|   2 | Sales     | mumbai   |
|   3 | Marketing | pune     |
|   3 | Marketing | pune     |
|   4 | HR        | delhi    |
|   4 | HR        | delhi    |
+-----+-----------+----------+
9 rows in set (0.00 sec)


● Write a SQL query to get the second highest salary paid employee from the
Employee table.

mysql> select max(salary) from employee where salary not in (select max(salary) from employee);
+-------------+
| max(salary) |
+-------------+
|       57000 |
+-------------+